country,1960,1961,1962,1963,1964,1965,1966,1967,1968,1969,1970,1971,1972,1973,1974,1975,1976,1977,1978,1979,1980,1981,1982,1983,1984,1985,1986,1987,1988,1989,1990,1991,1992,1993,1994,1995,1996,1997,1998,1999,2000,2001,2002,2003,2004,2005,2006,2007,2008,2009,2010,2011,2012,2013,2014,2015,2016,2017,2018,2019,2020,2021
AFG,0.0,0.0,0.0,0.0,0.0,0.0,0.0,0.0,0.0,0.0,0.0,0.0,0.0,0.0,0.0,0.0,0.0,0.0,0.0,0.0,0.0,0.0,0.0,0.0,0.0,0.0,0.0,0.0,0.0,0.0,0.0,0.0,0.0,0.0,0.0,0.0,0.0,0.0,0.0,0.0,0.0,0.0,0.0,0.00472,0.00456,0.0879,0.106,1.22,2.11,1.9,1.84,3.55,4.0,5.0,5.45,5.9,8.26,11.0,13.5,16.8,17.6,18.4
UAE,0.0,0.0,0.0,0.0,0.0,0.0,0.0,0.0,0.0,0.0,0.0,0.0,0.0,0.0,0.0,0.0,0.0,0.0,0.0,0.0,0.0,0.0,0.0,0.0,0.0,0.0,0.0,0.0,0.0,0.0,0.0,0.0,0.0,0.0,0.0,0.0,0.103,0.375,3.3,6.91,14.9,23.6,26.3,28.3,29.5,30.1,40.0,52.0,61.0,63.0,64.0,68.0,78.0,85.0,88.0,90.5,90.6,94.8,98.5,99.2,100.0,100.0
ARG,0.0,0.0,0.0,0.0,0.0,0.0,0.0,0.0,0.0,0.0,0.0,0.0,0.0,0.0,0.0,0.0,0.0,0.0,0.0,0.0,0.0,0.0,0.0,0.0,0.0,0.0,0.0,0.0,0.0,0.0,0.0,0.0,0.0,0.00299,0.0295,0.0437,0.0863,0.142,0.28,0.831,3.28,7.04,9.78,10.9,11.9,16.0,17.7,20.9,25.9,28.1,34.0,45.0,51.0,55.8,59.9,68.0,71.0,74.3,77.7,79.9,85.5,87.1
ARM,0.0,0.0,0.0,0.0,0.0,0.0,0.0,0.0,0.0,0.0,0.0,0.0,0.0,0.0,0.0,0.0,0.0,0.0,0.0,0.0,0.0,0.0,0.0,0.0,0.0,0.0,0.0,0.0,0.0,0.0,0.0,0.0,0.0,0.0,0.0,0.0,0.00912,0.0527,0.0946,0.112,0.129,0.971,1.3,1.63,1.96,4.58,4.9,5.25,5.63,6.02,6.21,15.3,25.0,32.0,37.5,41.9,59.1,64.3,64.7,68.2,66.5,76.5
AUS,0.0,0.0,0.0,0.0,0.0,0.0,0.0,0.0,0.0,0.0,0.0,0.0,0.0,0.0,0.0,0.0,0.0,0.0,0.0,0.0,0.0,0.0,0.0,0.0,0.0,0.0,0.0,0.0,0.0,0.0,0.0,0.0,0.0,0.0,0.0,0.585,1.1,1.77,1.97,2.23,2.76,3.28,16.4,30.8,40.8,46.8,52.7,63.0,66.0,69.5,71.7,74.3,76.0,79.5,79.0,83.5,84.6,86.5,86.5,87.6,88.6,89.6
AUT,0.0,0.0,0.0,0.0,0.0,0.0,0.0,0.0,0.0,0.0,0.0,0.0,0.0,0.0,0.0,0.0,0.0,0.0,0.0,0.0,0.0,0.0,0.0,0.0,0.0,0.0,0.0,0.0,0.0,0.0,0.0,0.13,0.259,0.643,0.765,1.39,1.89,6.91,9.53,15.4,23.0,33.7,39.2,36.6,42.7,54.3,58.0,63.6,69.4,72.9,73.5,75.2,78.7,80.0,80.6,83.9,84.3,87.9,87.5,87.8,87.5,92.5
AZE,0.0,0.0,0.0,0.0,0.0,0.0,0.0,0.0,0.0,0.0,0.0,0.0,0.0,0.0,0.0,0.0,0.0,0.0,0.0,0.0,0.0,0.0,0.0,0.0,0.0,0.0,0.0,0.0,0.0,0.0,0.0,0.0,0.0,0.0,0.0,0.0,0.0,0.0,0.00143,0.00206,0.00635,0.0252,0.0375,0.0992,0.148,0.306,5.0,8.03,12.0,14.5,17.1,27.4,46.0,50.0,54.2,73.0,77.0,78.2,79.0,79.8,81.1,84.6
BDI,0.0,0.0,0.0,0.0,0.0,0.0,0.0,0.0,0.0,0.0,0.0,0.0,0.0,0.0,0.0,0.0,0.0,0.0,0.0,0.0,0.0,0.0,0.0,0.0,0.0,0.0,0.0,0.0,0.0,0.0,0.0,0.0,0.0,0.0,0.0,0.0,0.0,0.0,0.0008,0.00798,0.0158,0.0392,0.0772,0.106,0.118,0.201,0.349,0.542,0.658,0.7,0.81,0.9,1.0,1.11,1.22,1.26,2.0,2.2,2.66,4.1,6.2,9.4
BEL,0.0,0.0,0.0,0.0,0.0,0.0,0.0,0.0,0.0,0.0,0.0,0.0,0.0,0.0,0.0,0.0,0.0,0.0,0.0,0.0,0.0,0.0,0.0,0.0,0.0,0.0,0.0,0.0,0.0,0.0,0.0,0.00101,0.0201,0.1,0.199,0.696,0.992,2.97,4.94,7.89,13.8,29.4,31.3,46.3,50.0,53.9,55.8,59.7,64.4,66.0,70.0,75.0,81.6,80.7,82.2,85.1,86.5,87.7,88.6,90.3,91.5,92.8
BUL,0.0,0.0,0.0,0.0,0.0,0.0,0.0,0.0,0.0,0.0,0.0,0.0,0.0,0.0,0.0,0.0,0.0,0.0,0.0,0.0,0.0,0.0,0.0,0.0,0.0,0.0,0.0,0.0,0.0,0.0,0.0,0.0,0.0,0.0,0.00234,0.0195,0.12,0.725,1.22,1.84,2.91,5.37,7.61,9.08,12.0,18.1,20.0,27.1,33.6,39.7,45.0,46.2,48.0,51.9,53.1,56.7,59.8,63.4,64.8,67.9,70.2,75.3
BRN,0.0,0.0,0.0,0.0,0.0,0.0,0.0,0.0,0.0,0.0,0.0,0.0,0.0,0.0,0.0,0.0,0.0,0.0,0.0,0.0,0.0,0.0,0.0,0.0,0.0,0.0,0.0,0.0,0.0,0.0,0.0,0.0,0.0,0.0,0.0,0.0,0.346,0.843,1.65,3.22,4.72,6.15,15.0,18.1,21.6,21.5,21.3,28.2,32.9,52.0,53.0,55.0,77.0,88.0,90.0,93.5,98.0,95.9,98.6,99.7,99.7,100.0
BAH,0.0,0.0,0.0,0.0,0.0,0.0,0.0,0.0,0.0,0.0,0.0,0.0,0.0,0.0,0.0,0.0,0.0,0.0,0.0,0.0,0.0,0.0,0.0,0.0,0.0,0.0,0.0,0.0,0.0,0.0,0.0,0.0,0.0,0.0,0.0,0.0,0.0,0.96,1.75,1.36,2.34,3.76,8.0,11.8,18.0,20.0,22.0,25.0,26.0,27.0,31.5,33.9,43.0,65.0,71.7,72.0,78.0,80.0,80.6,83.0,85.0,87.0
BLR,0.0,0.0,0.0,0.0,0.0,0.0,0.0,0.0,0.0,0.0,0.0,0.0,0.0,0.0,0.0,0.0,0.0,0.0,0.0,0.0,0.0,0.0,0.0,0.0,0.0,0.0,0.0,0.0,0.0,0.0,0.0,0.0,0.0,0.0,0.0,0.0,0.0,0.0,0.00049,0.00292,0.0293,0.049,0.0739,0.495,1.86,4.3,8.95,16.2,19.7,23.0,27.4,31.8,39.6,46.9,54.2,62.2,71.1,74.4,79.1,82.8,85.1,86.9
BER,0.0,0.0,0.0,0.0,0.0,0.0,0.0,0.0,0.0,0.0,0.0,0.0,0.0,0.0,0.0,0.0,0.0,0.0,0.0,0.0,0.0,0.0,0.0,0.0,0.0,0.0,0.0,0.0,0.0,0.0,0.0,0.0,0.0,0.0,0.0,0.0,0.0,0.0,0.0,0.0,6.84,16.2,24.2,32.1,39.9,42.9,47.5,52.0,56.5,61.0,65.4,69.9,74.4,82.3,83.3,84.2,88.3,91.3,95.3,98.3,98.0,98.4
BRA,0.0,0.0,0.0,0.0,0.0,0.0,0.0,0.0,0.0,0.0,0.0,0.0,0.0,0.0,0.0,0.0,0.0,0.0,0.0,0.0,0.0,0.0,0.0,0.0,0.0,0.0,0.0,0.0,0.0,0.0,0.0,0.0,0.0,0.00329,0.0129,0.0255,0.0377,0.105,0.451,0.786,1.48,2.04,2.87,4.53,9.15,13.2,19.1,21.0,28.2,30.9,33.8,39.2,40.6,45.7,48.6,51.0,58.3,60.9,67.5,70.4,73.9,81.3
BAR,0.0,0.0,0.0,0.0,0.0,0.0,0.0,0.0,0.0,0.0,0.0,0.0,0.0,0.0,0.0,0.0,0.0,0.0,0.0,0.0,0.0,0.0,0.0,0.0,0.0,0.0,0.0,0.0,0.0,0.0,0.0,0.0,0.0,0.0,0.0,0.0,0.0,0.0,0.0,0.0,0.00775,0.389,0.783,1.97,2.38,3.97,11.9,27.8,39.7,49.8,52.5,55.3,58.2,61.4,64.7,65.1,66.5,71.2,71.8,76.1,79.5,81.8
BOT,0.0,0.0,0.0,0.0,0.0,0.0,0.0,0.0,0.0,0.0,0.0,0.0,0.0,0.0,0.0,0.0,0.0,0.0,0.0,0.0,0.0,0.0,0.0,0.0,0.0,0.0,0.0,0.0,0.0,0.0,0.0,0.0,0.0,0.0,0.0,0.0,0.0,0.0645,0.157,0.308,0.602,1.12,2.9,3.43,3.39,3.35,3.3,3.26,4.29,5.28,6.25,6.15,6.0,9.0,16.0,30.0,37.3,39.4,41.4,58.0,61.0,64.0
CAN,0.0,0.0,0.0,0.0,0.0,0.0,0.0,0.0,0.0,0.0,0.0,0.0,0.0,0.0,0.0,0.0,0.0,0.0,0.0,0.0,0.0,0.0,0.0,0.0,0.0,0.0,0.0,0.0,0.0,0.0,0.0,0.0,0.361,0.57,0.916,1.18,2.38,4.16,6.76,15.1,24.9,36.2,51.3,60.2,61.6,64.2,66.0,71.7,72.4,73.2,76.7,80.3,80.3,83.0,83.0,85.8,90.0,91.2,92.7,94.6,96.5,92.3
SUI,0.0,0.0,0.0,0.0,0.0,0.0,0.0,0.0,0.0,0.0,0.0,0.0,0.0,0.0,0.0,0.0,0.0,0.0,0.0,0.0,0.0,0.0,0.0,0.0,0.0,0.0,0.0,0.0,0.0,0.0,0.0,0.596,1.18,1.75,2.17,2.72,3.55,4.55,15.1,24.8,34.0,47.1,55.1,61.4,65.1,67.8,70.1,75.7,77.2,79.2,81.3,83.9,85.2,85.2,86.3,87.5,89.1,89.7,91.8,93.1,94.2,95.6
CHI,0.0,0.0,0.0,0.0,0.0,0.0,0.0,0.0,0.0,0.0,0.0,0.0,0.0,0.0,0.0,0.0,0.0,0.0,0.0,0.0,0.0,0.0,0.0,0.0,0.0,0.0,0.0,0.0,0.0,0.0,0.0,0.0,0.0,0.0,0.0365,0.0718,0.141,0.347,0.683,1.06,1.66,4.1,16.6,19.1,22.1,25.5,28.2,31.2,34.5,35.9,37.3,41.6,45.0,52.2,55.0,58.0,76.6,83.6,82.3,84.9,86.1,88.3
CHN,0.0,0.0,0.0,0.0,0.0,0.0,0.0,0.0,0.0,0.0,0.0,0.0,0.0,0.0,0.0,0.0,0.0,0.0,0.0,0.0,0.0,0.0,0.0,0.0,0.0,0.0,0.0,0.0,0.0,0.0,0.0,0.0,0.0,0.0,0.00017,0.00117,0.00495,0.0131,0.0324,0.169,0.708,1.78,2.64,4.6,6.2,7.3,8.52,10.5,16.0,22.6,28.9,34.3,38.3,42.3,45.8,50.3,53.2,54.3,59.2,64.1,70.1,73.1
CIV,0.0,0.0,0.0,0.0,0.0,0.0,0.0,0.0,0.0,0.0,0.0,0.0,0.0,0.0,0.0,0.0,0.0,0.0,0.0,0.0,0.0,0.0,0.0,0.0,0.0,0.0,0.0,0.0,0.0,0.0,0.0,0.0,0.0,0.0,0.0,0.0,0.0,0.0,0.0002,0.00841,0.0188,0.061,0.119,0.231,0.396,0.498,0.759,0.849,1.04,1.52,1.8,1.9,2.0,2.7,2.9,4.4,6.6,16.7,41.2,43.8,37.5,36.3
CMR,0.0,0.0,0.0,0.0,0.0,0.0,0.0,0.0,0.0,0.0,0.0,0.0,0.0,0.0,0.0,0.0,0.0,0.0,0.0,0.0,0.0,0.0,0.0,0.0,0.0,0.0,0.0,0.0,0.0,0.0,0.0,0.0,0.0,0.0,0.0,0.0,0.0,0.0,0.0,0.00677,0.0132,0.129,0.252,0.277,0.361,0.588,0.976,1.4,2.03,2.93,3.4,3.84,4.3,5.0,7.5,10.0,18.3,20.6,23.2,29.7,33.5,37.8
COL,0.0,0.0,0.0,0.0,0.0,0.0,0.0,0.0,0.0,0.0,0.0,0.0,0.0,0.0,0.0,0.0,0.0,0.0,0.0,0.0,0.0,0.0,0.0,0.0,0.0,0.0,0.0,0.0,0.0,0.0,0.0,0.0,0.0,0.0,0.0,0.0,0.107,0.188,0.33,0.551,1.13,1.7,2.21,2.85,4.6,7.39,9.12,11.0,15.3,21.8,25.6,30.0,36.5,40.4,49.0,51.7,55.9,58.1,62.3,64.1,65.0,69.8
CRC,0.0,0.0,0.0,0.0,0.0,0.0,0.0,0.0,0.0,0.0,0.0,0.0,0.0,0.0,0.0,0.0,0.0,0.0,0.0,0.0,0.0,0.0,0.0,0.0,0.0,0.0,0.0,0.0,0.0,0.0,0.0,0.0,0.0,0.00111,0.0815,0.28,0.417,0.841,1.64,2.67,3.9,5.8,9.56,19.9,20.3,20.8,22.1,25.1,28.4,32.3,34.3,36.5,39.2,47.5,46.0,59.8,65.9,71.6,73.5,81.2,80.5,82.7
CUB,0.0,0.0,0.0,0.0,0.0,0.0,0.0,0.0,0.0,0.0,0.0,0.0,0.0,0.0,0.0,0.0,0.0,0.0,0.0,0.0,0.0,0.0,0.0,0.0,0.0,0.0,0.0,0.0,0.0,0.0,0.0,0.0,0.0,0.0,0.0,0.0,0.0,0.0319,0.0682,0.227,0.315,0.541,1.08,3.77,5.24,8.41,9.74,11.2,11.7,12.9,14.3,15.9,16.0,21.2,27.9,37.3,43.0,57.1,62.7,68.0,74.0,71.1
CYP,0.0,0.0,0.0,0.0,0.0,0.0,0.0,0.0,0.0,0.0,0.0,0.0,0.0,0.0,0.0,0.0,0.0,0.0,0.0,0.0,0.0,0.0,0.0,0.0,0.0,0.0,0.0,0.0,0.0,0.0,0.0,0.0,0.0,0.0501,0.0564,0.111,0.41,0.673,4.38,8.89,11.3,15.3,18.8,28.3,30.1,33.8,32.8,35.8,40.8,42.3,49.8,53.0,56.9,60.7,65.5,71.7,75.9,80.7,84.4,86.1,90.8,90.8
CZE,0.0,0.0,0.0,0.0,0.0,0.0,0.0,0.0,0.0,0.0,0.0,0.0,0.0,0.0,0.0,0.0,0.0,0.0,0.0,0.0,0.0,0.0,0.0,0.0,0.0,0.0,0.0,0.0,0.0,0.0,0.0,0.0,0.0,0.0,0.581,1.26,1.45,1.94,2.92,3.9,6.83,9.78,14.7,23.9,34.3,35.5,35.3,47.9,51.9,63.0,64.4,68.8,70.5,73.4,74.1,75.7,76.5,78.7,80.7,80.9,81.3,82.7
GER,0.0,0.0,0.0,0.0,0.0,0.0,0.0,0.0,0.0,0.0,0.0,0.0,0.0,0.0,0.0,0.0,0.0,0.0,0.0,0.0,0.0,0.0,0.0,0.0,0.0,0.0,0.0,0.0,0.0,0.0,0.0,0.126,0.25,0.435,0.464,0.923,1.84,3.05,6.71,9.88,20.8,30.2,31.7,48.8,55.9,64.7,68.7,72.2,75.2,78.0,79.0,82.0,81.3,82.3,84.2,87.6,84.2,84.4,87.0,88.1,89.8,91.4
DJI,0.0,0.0,0.0,0.0,0.0,0.0,0.0,0.0,0.0,0.0,0.0,0.0,0.0,0.0,0.0,0.0,0.0,0.0,0.0,0.0,0.0,0.0,0.0,0.0,0.0,0.0,0.0,0.0,0.0,0.0,0.0,0.0,0.0,0.0,0.0,0.0,0.0,0.016,0.0312,0.0829,0.0947,0.106,0.195,0.344,0.487,0.626,0.781,0.954,1.27,1.62,2.26,4.0,6.5,7.0,9.4,12.7,22.9,30.8,55.7,58.0,59.0,59.0
DEN,0.0,0.0,0.0,0.0,0.0,0.0,0.0,0.0,0.0,0.0,0.0,0.0,0.0,0.0,0.0,0.0,0.0,0.0,0.0,0.0,0.0,0.0,0.0,0.0,0.0,0.0,0.0,0.0,0.0,0.0,0.0,0.0973,0.194,0.387,0.578,1.34,3.83,5.71,11.4,22.7,30.6,39.2,43.0,64.3,76.3,80.9,82.7,86.7,85.0,85.0,86.8,88.7,89.8,92.3,94.6,96.3,97.0,97.1,97.3,98.0,96.5,98.9
DOM,0.0,0.0,0.0,0.0,0.0,0.0,0.0,0.0,0.0,0.0,0.0,0.0,0.0,0.0,0.0,0.0,0.0,0.0,0.0,0.0,0.0,0.0,0.0,0.0,0.0,0.0,0.0,0.0,0.0,0.0,0.0,0.0,0.0,0.0,0.0,0.0,0.0,0.0172,0.075,0.143,0.234,1.1,3.7,4.43,6.82,7.9,8.87,11.5,14.8,17.7,20.8,27.7,31.4,38.0,42.3,45.9,54.2,63.9,67.6,74.8,75.8,76.9
ALG,0.0,0.0,0.0,0.0,0.0,0.0,0.0,0.0,0.0,0.0,0.0,0.0,0.0,0.0,0.0,0.0,0.0,0.0,0.0,0.0,0.0,0.0,0.0,0.0,0.0,0.0,0.0,0.0,0.0,0.0,0.0,0.0,0.0,0.0,0.0,0.0,0.00036,0.00177,0.00174,0.0103,0.0202,0.2,0.492,0.646,1.59,2.2,4.63,5.84,7.38,9.45,10.2,11.2,12.5,14.9,18.2,22.5,38.2,42.9,47.7,49.0,57.9,62.9
ECU,0.0,0.0,0.0,0.0,0.0,0.0,0.0,0.0,0.0,0.0,0.0,0.0,0.0,0.0,0.0,0.0,0.0,0.0,0.0,0.0,0.0,0.0,0.0,0.0,0.0,0.0,0.0,0.0,0.0,0.0,0.0,0.0,0.0,0.0,0.00512,0.0164,0.0348,0.0438,0.0862,0.11,0.125,0.823,1.46,2.67,4.26,4.46,4.83,5.99,7.2,10.8,18.8,24.6,29.0,31.4,35.1,40.3,48.9,54.1,55.8,57.5,59.2,70.7
EGY,0.0,0.0,0.0,0.0,0.0,0.0,0.0,0.0,0.0,0.0,0.0,0.0,0.0,0.0,0.0,0.0,0.0,0.0,0.0,0.0,0.0,0.0,0.0,0.0,0.0,0.0,0.0,0.0,0.0,0.0,0.0,0.0,0.0,0.0,0.0,0.00098,0.00638,0.0313,0.0615,0.0905,0.148,0.29,0.641,0.839,2.72,4.04,11.9,12.8,13.7,16.0,18.0,20.0,21.6,25.6,26.4,29.4,37.8,41.2,45.0,46.9,57.3,71.9
ERI,0.0,0.0,0.0,0.0,0.0,0.0,0.0,0.0,0.0,0.0,0.0,0.0,0.0,0.0,0.0,0.0,0.0,0.0,0.0,0.0,0.0,0.0,0.0,0.0,0.0,0.0,0.0,0.0,0.0,0.0,0.0,0.0,0.0,0.0,0.0,0.0,0.0,0.0,0.0,0.0,0.0,0.0,0.0,0.0,0.0,0.0,0.00902,0.00877,0.0255,0.137,0.158,0.227,0.41,0.47,0.54,0.61,0.7,0.8,0.9,1.08,1.18,1.31
ESP,0.0,0.0,0.0,0.0,0.0,0.0,0.0,0.0,0.0,0.0,0.0,0.0,0.0,0.0,0.0,0.0,0.0,0.0,0.0,0.0,0.0,0.0,0.0,0.0,0.0,0.0,0.0,0.0,0.0,0.0,0.0,0.0129,0.0257,0.0769,0.128,0.28,0.381,1.33,2.8,4.36,7.09,13.6,18.1,20.4,39.9,44.0,47.9,50.4,55.1,59.6,62.4,65.8,67.1,69.8,71.6,78.7,80.6,84.6,86.1,90.7,93.2,93.9
EST,0.0,0.0,0.0,0.0,0.0,0.0,0.0,0.0,0.0,0.0,0.0,0.0,0.0,0.0,0.0,0.0,0.0,0.0,0.0,0.0,0.0,0.0,0.0,0.0,0.0,0.0,0.0,0.0,0.0,0.0,0.0,0.0,0.0,0.0655,0.301,1.16,2.78,3.53,5.71,10.8,14.5,28.6,31.5,41.5,45.3,53.2,61.5,63.5,66.2,70.6,72.5,74.1,76.5,78.4,80.0,88.4,87.2,88.1,89.4,90.2,89.1,91.0
ETH,0.0,0.0,0.0,0.0,0.0,0.0,0.0,0.0,0.0,0.0,0.0,0.0,0.0,0.0,0.0,0.0,0.0,0.0,0.0,0.0,0.0,0.0,0.0,0.0,0.0,0.0,0.0,0.0,0.0,0.0,0.0,0.0,0.0,0.0,0.0,0.0,0.0,0.0017,0.00497,0.00966,0.0125,0.0153,0.0372,0.0724,0.106,0.155,0.22,0.311,0.37,0.45,0.54,0.75,1.1,2.9,4.6,13.9,15.4,18.6,20.0,22.0,24.0,16.7
FIN,0.0,0.0,0.0,0.0,0.0,0.0,0.0,0.0,0.0,0.0,0.0,0.0,0.0,0.0,0.0,0.0,0.0,0.0,0.0,0.0,0.0,0.0,0.0,0.0,0.0,0.0,0.0,0.0,0.0,0.0,0.0,0.401,1.4,1.89,2.57,4.92,13.9,16.8,19.5,25.5,32.3,37.2,43.1,62.4,69.2,72.4,74.5,79.7,80.8,83.7,82.5,86.9,88.7,89.9,91.5,86.4,87.7,87.5,88.9,89.6,92.2,92.8
FRA,0.0,0.0,0.0,0.0,0.0,0.0,0.0,0.0,0.0,0.0,0.0,0.0,0.0,0.0,0.0,0.0,0.0,0.0,0.0,0.0,0.0,0.0,0.0,0.0,0.0,0.0,0.0,0.0,0.0,0.0,0.0,0.0528,0.14,0.279,0.591,0.9,1.64,2.58,4.25,6.32,9.13,14.3,26.3,30.2,36.1,39.1,42.9,46.9,66.1,70.7,71.6,77.3,77.8,81.4,81.9,78.0,79.3,80.5,82.0,83.3,84.8,86.1
GAB,0.0,0.0,0.0,0.0,0.0,0.0,0.0,0.0,0.0,0.0,0.0,0.0,0.0,0.0,0.0,0.0,0.0,0.0,0.0,0.0,0.0,0.0,0.0,0.0,0.0,0.0,0.0,0.0,0.0,0.0,0.0,0.0,0.0,0.0,0.0,0.0,0.0,0.0,0.0,0.048,0.17,0.249,1.22,1.35,1.94,2.66,2.98,4.89,5.49,5.77,7.5,9.5,13.0,18.0,24.0,30.5,45.8,48.1,50.3,59.6,61.0,62.0
GBR,0.0,0.0,0.0,0.0,0.0,0.0,0.0,0.0,0.0,0.0,0.0,0.0,0.0,0.0,0.0,0.0,0.0,0.0,0.0,0.0,0.0,0.0,0.0,0.0,0.0,0.0,0.0,0.0,0.0,0.0,0.0,0.0,0.0874,0.174,0.261,0.52,1.04,1.9,4.12,7.39,13.7,21.3,26.8,33.5,56.5,64.8,65.6,70.0,68.8,75.1,78.4,83.6,85.0,85.4,87.5,89.8,92.0,94.8,90.4,90.7,92.5,94.8
GEO,0.0,0.0,0.0,0.0,0.0,0.0,0.0,0.0,0.0,0.0,0.0,0.0,0.0,0.0,0.0,0.0,0.0,0.0,0.0,0.0,0.0,0.0,0.0,0.0,0.0,0.0,0.0,0.0,0.0,0.0,0.0,0.0,0.0,0.0,0.0,0.0,0.0118,0.0401,0.0609,0.103,0.416,0.485,0.992,1.59,2.56,3.89,6.08,7.53,8.26,10.0,20.1,26.9,31.5,36.9,43.3,47.6,58.5,59.7,62.7,68.8,72.5,76.4
GHA,0.0,0.0,0.0,0.0,0.0,0.0,0.0,0.0,0.0,0.0,0.0,0.0,0.0,0.0,0.0,0.0,0.0,0.0,0.0,0.0,0.0,0.0,0.0,0.0,0.0,0.0,0.0,0.0,0.0,0.0,0.0,0.0,0.0,0.0,0.0,0.0,0.00035,0.00565,0.0275,0.0322,0.105,0.154,0.2,0.83,1.19,1.72,1.83,2.72,3.85,4.27,5.44,7.8,9.0,10.6,15.0,23.0,28.0,37.9,43.0,22.1,58.0,68.6
GRE,0.0,0.0,0.0,0.0,0.0,0.0,0.0,0.0,0.0,0.0,0.0,0.0,0.0,0.0,0.0,0.0,0.0,0.0,0.0,0.0,0.0,0.0,0.0,0.0,0.0,0.0,0.0,0.0,0.0,0.0,0.0,0.0,0.0488,0.0483,0.191,0.378,0.75,1.4,1.85,3.22,6.88,9.14,10.9,14.7,17.8,21.4,24.0,32.3,35.9,38.2,42.4,44.4,51.6,55.1,59.9,66.8,69.1,69.9,72.2,75.7,78.1,78.5
GRN,0.0,0.0,0.0,0.0,0.0,0.0,0.0,0.0,0.0,0.0,0.0,0.0,0.0,0.0,0.0,0.0,0.0,0.0,0.0,0.0,0.0,0.0,0.0,0.0,0.0,0.0,0.0,0.0,0.0,0.0,0.0,0.0,0.0,0.0,0.0,0.0,0.0,0.0,0.298,0.991,1.48,2.47,4.06,5.13,14.8,18.6,19.6,20.5,21.4,22.3,23.2,24.1,27.0,30.0,32.0,35.0,52.5,53.3,54.2,55.1,56.0,56.9
GUA,0.0,0.0,0.0,0.0,0.0,0.0,0.0,0.0,0.0,0.0,0.0,0.0,0.0,0.0,0.0,0.0,0.0,0.0,0.0,0.0,0.0,0.0,0.0,0.0,0.0,0.0,0.0,0.0,0.0,0.0,0.0,0.0,0.0,0.0,0.0,0.0,0.003,0.0195,0.0955,0.467,0.593,0.712,1.74,3.39,4.55,5.1,5.7,6.5,7.3,8.3,9.3,10.5,12.3,16.0,19.7,28.8,34.5,37.9,41.5,44.4,50.0,50.8
GUY,0.0,0.0,0.0,0.0,0.0,0.0,0.0,0.0,0.0,0.0,0.0,0.0,0.0,0.0,0.0,0.0,0.0,0.0,0.0,0.0,0.0,0.0,0.0,0.0,0.0,0.0,0.0,0.0,0.0,0.0,0.0,0.0,0.0,0.0,0.0,0.0,0.0,0.0,0.0,0.0,0.0,0.0659,0.132,0.264,0.4,0.6,1.0,1.5,2.4,3.7,5.7,8.9,13.8,18.2,23.9,29.9,30.0,30.5,31.0,34.0,35.7,37.3
HKG,0.0,0.0,0.0,0.0,0.0,0.0,0.0,0.0,0.0,0.0,0.0,0.0,0.0,0.0,0.0,0.0,0.0,0.0,0.0,0.0,0.0,0.0,0.0,0.0,0.0,0.0,0.0,0.0,0.0,0.0,0.0,0.0,0.121,0.85,1.33,2.78,3.22,4.75,10.5,14.5,21.2,27.8,38.7,43.1,52.2,56.4,56.9,60.8,64.8,66.7,69.4,72.0,72.2,72.9,74.2,84.9,87.5,89.4,90.5,91.7,92.4,93.1
CRO,0.0,0.0,0.0,0.0,0.0,0.0,0.0,0.0,0.0,0.0,0.0,0.0,0.0,0.0,0.0,0.0,0.0,0.0,0.0,0.0,0.0,0.0,0.0,0.0,0.0,0.0,0.0,0.0,0.0,0.0,0.0,0.0,0.0,0.0,0.0972,0.268,0.514,0.859,1.73,3.27,4.41,6.64,11.6,17.8,22.8,30.9,33.1,38.0,41.4,44.2,50.6,56.5,57.8,61.9,66.7,69.8,72.7,67.1,75.3,79.1,78.3,81.3
HAI,0.0,0.0,0.0,0.0,0.0,0.0,0.0,0.0,0.0,0.0,0.0,0.0,0.0,0.0,0.0,0.0,0.0,0.0,0.0,0.0,0.0,0.0,0.0,0.0,0.0,0.0,0.0,0.0,0.0,0.0,0.0,0.0,0.0,0.0,0.0,0.0,0.0,0.0,0.0,0.00748,0.024,0.0707,0.231,0.341,0.893,1.65,5.4,6.38,6.8,7.2,7.6,8.1,8.37,9.0,9.8,10.6,14.2,22.8,27.2,32.5,33.3,34.5
HUN,0.0,0.0,0.0,0.0,0.0,0.0,0.0,0.0,0.0,0.0,0.0,0.0,0.0,0.0,0.0,0.0,0.0,0.0,0.0,0.0,0.0,0.0,0.0,0.0,0.0,0.0,0.0,0.0,0.0,0.0,0.0,0.0,0.00338,0.0483,0.193,0.484,0.677,0.969,1.94,3.89,5.86,7.0,14.5,16.7,21.6,27.7,39.0,47.1,53.3,61.0,62.0,65.0,68.0,70.6,72.6,72.8,79.3,76.8,76.1,80.4,84.8,88.6
INA,0.0,0.0,0.0,0.0,0.0,0.0,0.0,0.0,0.0,0.0,0.0,0.0,0.0,0.0,0.0,0.0,0.0,0.0,0.0,0.0,0.0,0.0,0.0,0.0,0.0,0.0,0.0,0.0,0.0,0.0,0.0,0.0,0.0,0.0,0.0,0.00106,0.0261,0.0566,0.195,0.255,0.444,0.926,2.02,2.13,2.39,2.6,3.6,4.76,5.79,7.92,6.92,10.9,12.3,14.5,14.9,22.1,25.4,32.3,39.9,47.7,53.7,62.1
IND,0.0,0.0,0.0,0.0,0.0,0.0,0.0,0.0,0.0,0.0,0.0,0.0,0.0,0.0,0.0,0.0,0.0,0.0,0.0,0.0,0.0,0.0,0.0,0.0,0.0,0.0,0.0,0.0,0.0,0.0,0.0,0.0,0.0,0.0,0.00011,0.00022,0.00107,0.0262,0.0463,0.0708,0.139,0.273,0.528,0.66,1.54,1.69,1.98,2.39,2.81,3.95,4.38,5.12,7.5,10.1,11.1,12.3,14.9,16.5,18.2,20.1,29.4,43.0
IRL,0.0,0.0,0.0,0.0,0.0,0.0,0.0,0.0,0.0,0.0,0.0,0.0,0.0,0.0,0.0,0.0,0.0,0.0,0.0,0.0,0.0,0.0,0.0,0.0,0.0,0.0,0.0,0.0,0.0,0.0,0.0,0.0,0.0,0.0568,0.17,0.281,0.558,1.11,2.2,4.09,8.1,10.9,17.9,23.1,25.9,34.3,37.0,41.6,54.8,61.2,65.3,67.4,69.8,74.9,76.9,78.2,83.5,83.5,84.1,87.0,87.0,92.0
IRI,0.0,0.0,0.0,0.0,0.0,0.0,0.0,0.0,0.0,0.0,0.0,0.0,0.0,0.0,0.0,0.0,0.0,0.0,0.0,0.0,0.0,0.0,0.0,0.0,0.0,0.0,0.0,0.0,0.0,0.0,0.0,0.0,0.0,0.0,0.0,0.00041,0.00418,0.0158,0.0468,0.0998,0.379,0.934,1.48,4.63,6.93,7.49,8.1,8.76,9.47,12.0,13.8,15.9,19.0,22.7,29.9,45.3,53.2,64.0,70.2,72.5,75.6,78.6
IRQ,0.0,0.0,0.0,0.0,0.0,0.0,0.0,0.0,0.0,0.0,0.0,0.0,0.0,0.0,0.0,0.0,0.0,0.0,0.0,0.0,0.0,0.0,0.0,0.0,0.0,0.0,0.0,0.0,0.0,0.0,0.0,0.0,0.0,0.0,0.0,0.0,0.0,0.0,0.0,0.0,0.0,0.0,0.0,0.0,0.1,0.5,0.6,0.9,0.9,0.952,0.93,1.0,1.06,2.5,5.0,7.1,9.2,16.8,37.7,49.4,43.3,44.3
ISL,0.0,0.0,0.0,0.0,0.0,0.0,0.0,0.0,0.0,0.0,0.0,0.0,0.0,0.0,0.0,0.0,0.0,0.0,0.0,0.0,0.0,0.0,0.0,0.0,0.0,0.0,0.0,0.0,0.0,0.0,0.0,0.0,0.505,1.54,2.67,6.79,11.2,14.8,27.5,36.3,41.3,44.5,49.4,79.1,83.1,83.9,87.0,89.5,90.6,91.0,93.0,93.4,94.8,96.2,96.5,98.2,98.2,98.3,99.0,99.5,99.0,99.7
ISR,0.0,0.0,0.0,0.0,0.0,0.0,0.0,0.0,0.0,0.0,0.0,0.0,0.0,0.0,0.0,0.0,0.0,0.0,0.0,0.0,0.0,0.0,0.0,0.0,0.0,0.0,0.0,0.0,0.0,0.0,0.0,0.0,0.111,0.215,0.311,0.399,0.577,0.93,2.17,4.4,10.3,13.4,20.9,17.4,17.8,19.6,22.8,25.2,27.9,48.1,59.4,63.1,67.5,68.9,70.8,70.3,77.4,79.7,81.6,83.7,86.8,90.1
ITA,0.0,0.0,0.0,0.0,0.0,0.0,0.0,0.0,0.0,0.0,0.0,0.0,0.0,0.0,0.0,0.0,0.0,0.0,0.0,0.0,0.0,0.0,0.0,0.0,0.0,0.0,0.0,0.0,0.0,0.0,0.0,0.0175,0.0351,0.0701,0.122,0.192,0.524,1.02,2.28,4.56,14.4,23.1,27.2,28.0,29.0,33.2,35.0,38.0,40.8,44.5,48.8,53.7,54.4,55.8,58.5,58.1,61.3,63.1,74.4,67.9,70.5,74.9
JAM,0.0,0.0,0.0,0.0,0.0,0.0,0.0,0.0,0.0,0.0,0.0,0.0,0.0,0.0,0.0,0.0,0.0,0.0,0.0,0.0,0.0,0.0,0.0,0.0,0.0,0.0,0.0,0.0,0.0,0.0,0.0,0.0,0.0,0.0,0.0,0.0,0.0,0.0,0.0368,0.109,0.591,0.798,1.98,2.36,3.12,3.86,6.1,7.8,10.0,12.8,16.4,21.1,23.6,24.3,27.7,37.4,33.8,37.1,42.2,44.4,55.1,68.2
JPN,0.0,0.0,0.0,0.0,0.0,0.0,0.0,0.0,0.0,0.0,0.0,0.0,0.0,0.0,0.0,0.0,0.0,0.0,0.0,0.0,0.0,0.0,0.0,0.0,0.0,0.0,0.0,0.0,0.0,0.0,0.0,0.0,0.0203,0.0404,0.0967,0.401,0.8,1.59,4.37,9.16,13.4,21.4,30.0,38.5,46.6,48.4,62.4,66.9,68.7,74.3,75.4,78.0,78.2,79.1,79.5,88.2,91.1,93.2,91.7,88.7,92.7,90.2
KAZ,0.0,0.0,0.0,0.0,0.0,0.0,0.0,0.0,0.0,0.0,0.0,0.0,0.0,0.0,0.0,0.0,0.0,0.0,0.0,0.0,0.0,0.0,0.0,0.0,0.0,0.0,0.0,0.0,0.0,0.0,0.0,0.0,0.0,0.0,0.0,0.00052,0.0113,0.0318,0.0646,0.131,0.464,0.669,1.01,1.67,2.0,2.65,2.96,3.27,4.02,11.0,18.2,31.6,50.6,61.9,63.3,70.8,74.6,76.4,78.9,81.9,85.9,90.9
KEN,0.0,0.0,0.0,0.0,0.0,0.0,0.0,0.0,0.0,0.0,0.0,0.0,0.0,0.0,0.0,0.0,0.0,0.0,0.0,0.0,0.0,0.0,0.0,0.0,0.0,0.0,0.0,0.0,0.0,0.0,0.0,0.0,0.0,0.0,0.0,0.0,0.0,0.00073,0.00884,0.0344,0.0503,0.114,0.318,0.62,1.21,2.94,3.02,3.1,3.6,4.4,5.2,6.1,7.2,8.8,10.5,13.0,16.6,16.6,17.8,19.5,22.7,29.5
KGZ,0.0,0.0,0.0,0.0,0.0,0.0,0.0,0.0,0.0,0.0,0.0,0.0,0.0,0.0,0.0,0.0,0.0,0.0,0.0,0.0,0.0,0.0,0.0,0.0,0.0,0.0,0.0,0.0,0.0,0.0,0.0,0.0,0.0,0.0,0.0,0.0,0.0,0.0,0.0,0.0,0.0728,0.205,1.04,3.0,3.0,3.91,5.09,10.5,12.3,14.0,15.7,16.0,16.3,17.5,19.8,23.0,30.2,34.5,38.2,62.8,64.1,72.0
KOR,0.0,0.0,0.0,0.0,0.0,0.0,0.0,0.0,0.0,0.0,0.0,0.0,0.0,0.0,0.0,0.0,0.0,0.0,0.0,0.0,0.0,0.0,0.0,0.0,0.0,0.0,0.0,0.0,0.0,0.0,0.0,0.0233,0.0461,0.0984,0.25,0.311,0.82,1.62,3.6,6.78,23.6,44.7,56.6,59.4,65.5,72.7,73.5,78.1,78.8,81.0,81.6,83.7,83.8,84.1,84.8,89.9,92.8,95.1,96.0,96.2,96.5,97.6
KUW,0.0,0.0,0.0,0.0,0.0,0.0,0.0,0.0,0.0,0.0,0.0,0.0,0.0,0.0,0.0,0.0,0.0,0.0,0.0,0.0,0.0,0.0,0.0,0.0,0.0,0.0,0.0,0.0,0.0,0.0,0.0,0.0,0.0,0.0,0.0911,0.147,0.203,0.856,2.17,3.05,4.76,6.73,8.55,10.2,22.4,22.9,25.9,28.8,34.8,42.0,50.8,61.4,65.8,70.5,75.5,82.0,85.6,98.0,99.6,99.5,99.1,99.7
LIB,0.0,0.0,0.0,0.0,0.0,0.0,0.0,0.0,0.0,0.0,0.0,0.0,0.0,0.0,0.0,0.0,0.0,0.0,0.0,0.0,0.0,0.0,0.0,0.0,0.0,0.0,0.0,0.0,0.0,0.0,0.0,0.0,0.0,0.0,0.0,0.0,0.0,0.0716,0.14,1.24,2.72,5.38,7.95,6.78,7.0,8.0,9.0,10.1,15.0,18.7,22.5,30.1,43.7,52.0,61.2,70.5,74.0,76.1,78.2,80.9,80.9,84.1
LIE,0.0,0.0,0.0,0.0,0.0,0.0,0.0,0.0,0.0,0.0,0.0,0.0,0.0,0.0,0.0,0.0,0.0,0.0,0.0,0.0,0.0,0.0,0.0,0.0,0.0,0.0,0.0,0.0,0.0,0.0,0.0,0.0,0.0,0.0,0.0,0.0,0.0,0.0,0.0,0.0,0.0,0.0,0.0,0.0,0.0,36.5,45.1,59.5,58.8,64.0,63.4,64.2,65.1,70.0,75.0,80.0,85.0,89.4,93.8,96.6,98.1,99.5
SRI,0.0,0.0,0.0,0.0,0.0,0.0,0.0,0.0,0.0,0.0,0.0,0.0,0.0,0.0,0.0,0.0,0.0,0.0,0.0,0.0,0.0,0.0,0.0,0.0,0.0,0.0,0.0,0.0,0.0,0.0,0.0,0.0,0.0,0.0,0.0,0.0,0.0,0.0,0.0,0.0,0.0,0.0,0.00277,0.00548,0.0545,0.162,0.296,0.348,0.647,0.794,1.05,1.46,1.45,1.79,2.54,3.88,12.1,15.1,21.3,26.0,29.0,35.0
LTU,0.0,0.0,0.0,0.0,0.0,0.0,0.0,0.0,0.0,0.0,0.0,0.0,0.0,0.0,0.0,0.0,0.0,0.0,0.0,0.0,0.0,0.0,0.0,0.0,0.0,0.0,0.0,0.0,0.0,0.0,0.0,0.0,0.0,0.0,0.0,0.0,0.0,0.277,0.978,1.97,2.92,6.43,7.18,17.7,25.9,31.2,36.2,43.9,49.9,55.2,59.8,62.1,63.6,67.2,68.5,71.4,74.4,77.6,79.7,81.6,83.1,86.9
LUX,0.0,0.0,0.0,0.0,0.0,0.0,0.0,0.0,0.0,0.0,0.0,0.0,0.0,0.0,0.0,0.0,0.0,0.0,0.0,0.0,0.0,0.0,0.0,0.0,0.0,0.0,0.0,0.0,0.0,0.0,0.0,0.0,0.0,0.153,0.302,0.496,1.59,5.55,7.14,11.7,17.4,22.9,36.2,39.8,54.5,65.9,70.0,72.5,78.9,82.2,87.3,90.6,90.0,91.9,93.8,96.4,98.1,97.4,97.1,97.1,98.8,98.8
LAT,0.0,0.0,0.0,0.0,0.0,0.0,0.0,0.0,0.0,0.0,0.0,0.0,0.0,0.0,0.0,0.0,0.0,0.0,0.0,0.0,0.0,0.0,0.0,0.0,0.0,0.0,0.0,0.0,0.0,0.0,0.0,0.0,0.0,0.0,0.0,0.0,0.0,0.813,2.05,3.32,4.39,6.32,7.22,21.9,27.0,38.6,46.0,53.6,59.2,63.4,66.8,68.4,69.7,73.1,75.2,79.2,79.8,80.1,83.6,86.1,88.9,91.2
MAR,0.0,0.0,0.0,0.0,0.0,0.0,0.0,0.0,0.0,0.0,0.0,0.0,0.0,0.0,0.0,0.0,0.0,0.0,0.0,0.0,0.0,0.0,0.0,0.0,0.0,0.0,0.0,0.0,0.0,0.0,0.0,0.0,0.0,0.0,0.0,0.0,0.00371,0.00568,0.0216,0.142,0.176,0.694,1.37,2.37,3.35,11.6,15.1,19.8,21.5,33.1,41.3,52.0,46.1,55.4,56.0,57.1,58.3,61.8,64.8,84.1,84.1,88.1
MDA,0.0,0.0,0.0,0.0,0.0,0.0,0.0,0.0,0.0,0.0,0.0,0.0,0.0,0.0,0.0,0.0,0.0,0.0,0.0,0.0,0.0,0.0,0.0,0.0,0.0,0.0,0.0,0.0,0.0,0.0,0.0,0.0,0.0,0.0,0.0,0.0,0.0,0.0,0.0,0.00083,0.00346,0.00464,0.0281,0.261,0.601,1.28,1.49,3.79,7.41,10.6,14.6,19.6,20.4,23.4,27.5,32.3,38.0,43.4,60.0,69.0,71.0,76.1
MEX,0.0,0.0,0.0,0.0,0.0,0.0,0.0,0.0,0.0,0.0,0.0,0.0,0.0,0.0,0.0,0.0,0.0,0.0,0.0,0.0,0.0,0.0,0.0,0.0,0.0,0.0,0.0,0.0,0.0,0.0,0.0,0.0,0.00588,0.0173,0.0283,0.0433,0.103,0.2,0.627,1.27,1.86,5.08,7.04,11.9,12.9,14.1,17.2,19.5,20.8,21.7,26.3,31.1,37.2,39.8,43.5,57.4,59.5,63.9,65.8,70.1,72.0,72.0
MKD,0.0,0.0,0.0,0.0,0.0,0.0,0.0,0.0,0.0,0.0,0.0,0.0,0.0,0.0,0.0,0.0,0.0,0.0,0.0,0.0,0.0,0.0,0.0,0.0,0.0,0.0,0.0,0.0,0.0,0.0,0.0,0.0,0.0,0.0,0.0,0.0,0.0,0.0407,0.076,0.504,1.0,1.5,2.49,3.47,17.3,19.1,24.4,26.4,28.6,36.3,46.0,51.8,51.9,56.7,57.4,65.2,70.4,72.2,74.5,79.2,81.4,81.4
MGL,0.0,0.0,0.0,0.0,0.0,0.0,0.0,0.0,0.0,0.0,0.0,0.0,0.0,0.0,0.0,0.0,0.0,0.0,0.0,0.0,0.0,0.0,0.0,0.0,0.0,0.0,0.0,0.0,0.0,0.0,0.0,0.0,0.0,0.0,0.0,0.0,0.0,0.0,0.0,0.0,0.00881,0.0182,0.113,0.146,0.508,1.26,1.65,2.04,9.0,9.8,10.0,10.2,12.5,16.4,17.7,22.5,22.3,23.7,47.1,51.1,62.5,84.3
MOZ,0.0,0.0,0.0,0.0,0.0,0.0,0.0,0.0,0.0,0.0,0.0,0.0,0.0,0.0,0.0,0.0,0.0,0.0,0.0,0.0,0.0,0.0,0.0,0.0,0.0,0.0,0.0,0.0,0.0,0.0,0.0,0.0,0.0,0.0,0.0,0.0,0.0,0.0,0.00304,0.0118,0.0202,0.0563,0.11,0.16,0.26,0.42,0.679,0.854,0.843,0.91,1.56,2.68,4.17,4.6,5.0,5.5,6.5,7.0,7.8,10.9,15.1,16.5
MRI,0.0,0.0,0.0,0.0,0.0,0.0,0.0,0.0,0.0,0.0,0.0,0.0,0.0,0.0,0.0,0.0,0.0,0.0,0.0,0.0,0.0,0.0,0.0,0.0,0.0,0.0,0.0,0.0,0.0,0.0,0.0,0.0,0.0,0.0,0.0,0.0,0.0,0.0,0.184,0.476,2.57,4.65,7.28,8.78,10.3,12.2,13.7,15.2,16.7,20.2,21.8,22.5,28.3,35.0,35.4,40.1,50.1,52.2,55.4,58.6,61.7,64.9
MAS,0.0,0.0,0.0,0.0,0.0,0.0,0.0,0.0,0.0,0.0,0.0,0.0,0.0,0.0,0.0,0.0,0.0,0.0,0.0,0.0,0.0,0.0,0.0,0.0,0.0,0.0,0.0,0.0,0.0,0.0,0.0,0.0,0.0,0.00105,0.0255,0.0996,0.146,0.852,2.31,6.75,12.3,21.4,26.7,32.3,35.0,42.3,48.6,51.6,55.7,55.8,55.9,56.3,61.0,65.8,57.1,71.1,78.8,80.1,81.2,84.2,89.6,96.8
NAM,0.0,0.0,0.0,0.0,0.0,0.0,0.0,0.0,0.0,0.0,0.0,0.0,0.0,0.0,0.0,0.0,0.0,0.0,0.0,0.0,0.0,0.0,0.0,0.0,0.0,0.0,0.0,0.0,0.0,0.0,0.0,0.0,0.0,0.0,0.0,0.0,0.0,0.00617,0.00903,0.0587,0.287,0.336,1.64,2.42,2.63,3.36,3.8,4.01,4.4,4.84,5.33,6.5,11.6,12.0,12.9,13.9,25.7,31.0,36.8,40.0,40.5,41.0
NIG,0.0,0.0,0.0,0.0,0.0,0.0,0.0,0.0,0.0,0.0,0.0,0.0,0.0,0.0,0.0,0.0,0.0,0.0,0.0,0.0,0.0,0.0,0.0,0.0,0.0,0.0,0.0,0.0,0.0,0.0,0.0,0.0,0.0,0.0,0.0,0.0,0.0,0.0,0.0,0.0,0.0,0.00104,0.00201,0.00291,0.0281,0.0363,0.105,0.127,0.156,0.19,0.221,0.294,0.39,0.7,0.76,0.83,0.9,1.05,1.15,2.48,4.32,10.2
NGR,0.0,0.0,0.0,0.0,0.0,0.0,0.0,0.0,0.0,0.0,0.0,0.0,0.0,0.0,0.0,0.0,0.0,0.0,0.0,0.0,0.0,0.0,0.0,0.0,0.0,0.0,0.0,0.0,0.0,0.0,0.0,0.0,0.0,0.0,0.0,0.0,0.0,0.0,0.00883,0.0172,0.0252,0.041,0.0641,0.0899,0.32,0.559,1.29,3.55,5.55,6.77,8.0,9.3,11.5,13.8,16.1,19.1,24.5,25.7,28.0,31.9,33.6,35.5
NED,0.0,0.0,0.0,0.0,0.0,0.0,0.0,0.0,0.0,0.0,0.0,0.0,0.0,0.0,0.0,0.0,0.0,0.0,0.0,0.0,0.0,0.0,0.0,0.0,0.0,0.0,0.0,0.0,0.0,0.0,0.0,0.334,0.531,1.32,1.97,3.26,6.47,9.65,14.1,22.2,39.2,44.0,49.4,61.3,64.3,68.5,81.0,83.7,85.8,87.4,89.6,90.7,91.4,92.9,94.0,91.7,90.4,93.2,91.9,93.3,91.3,92.1
NOR,0.0,0.0,0.0,0.0,0.0,0.0,0.0,0.0,0.0,0.0,0.0,0.0,0.0,0.0,0.0,0.0,0.0,0.0,0.0,0.0,0.0,0.0,0.0,0.0,0.0,0.0,0.0,0.0,0.0,0.0,0.0,0.707,1.41,2.22,2.78,4.15,6.42,18.3,20.4,22.6,40.0,52.0,64.0,72.8,78.1,77.7,82.0,82.5,86.9,90.6,92.1,93.4,93.5,94.6,95.1,96.8,97.3,96.4,96.5,98.0,97.0,99.0
NZL,0.0,0.0,0.0,0.0,0.0,0.0,0.0,0.0,0.0,0.0,0.0,0.0,0.0,0.0,0.0,0.0,0.0,0.0,0.0,0.0,0.0,0.0,0.0,0.0,0.0,0.0,0.0,0.0,0.0,0.0,0.0,0.0,0.0,0.0,0.286,0.631,3.17,4.88,8.04,14.6,31.6,41.5,47.4,53.2,59.1,61.0,61.8,62.7,69.0,69.8,72.0,79.7,80.5,81.2,81.6,82.8,85.2,86.5,87.7,89.0,90.2,91.5
PAK,0.0,0.0,0.0,0.0,0.0,0.0,0.0,0.0,0.0,0.0,0.0,0.0,0.0,0.0,0.0,0.0,0.0,0.0,0.0,0.0,0.0,0.0,0.0,0.0,0.0,0.0,0.0,0.0,0.0,0.0,0.0,0.0,0.0,0.0,0.0,0.0,0.0,0.0,0.00012,0.00299,0.0276,0.044,0.0554,1.32,2.58,5.04,6.16,6.33,6.5,6.8,7.0,7.5,8.0,8.0,8.1,9.0,11.0,12.4,13.8,15.3,17.1,25.0
PAN,0.0,0.0,0.0,0.0,0.0,0.0,0.0,0.0,0.0,0.0,0.0,0.0,0.0,0.0,0.0,0.0,0.0,0.0,0.0,0.0,0.0,0.0,0.0,0.0,0.0,0.0,0.0,0.0,0.0,0.0,0.0,0.0,0.0,0.0,0.0,0.0,0.00764,0.0561,0.22,0.539,2.75,3.84,6.55,7.27,8.52,9.99,11.1,11.5,17.3,22.3,33.8,39.1,40.1,42.7,40.3,44.0,51.2,54.0,60.0,61.8,63.6,64.3
PER,0.0,0.0,0.0,0.0,0.0,0.0,0.0,0.0,0.0,0.0,0.0,0.0,0.0,0.0,0.0,0.0,0.0,0.0,0.0,0.0,0.0,0.0,0.0,0.0,0.0,0.0,0.0,0.0,0.0,0.0,0.0,0.0,0.0,0.0,0.0,0.0085,0.0334,0.246,0.403,1.19,1.95,3.08,7.58,8.97,11.6,14.1,17.1,20.7,25.2,30.6,31.4,34.8,36.0,38.2,39.2,40.9,45.5,50.5,55.1,60.0,65.3,71.1
PHI,0.0,0.0,0.0,0.0,0.0,0.0,0.0,0.0,0.0,0.0,0.0,0.0,0.0,0.0,0.0,0.0,0.0,0.0,0.0,0.0,0.0,0.0,0.0,0.0,0.0,0.0,0.0,0.0,0.0,0.0,0.0,0.0,0.0,0.0,0.0,0.0,0.00584,0.0286,0.0559,0.137,1.1,1.43,1.98,2.52,4.33,4.86,5.24,5.4,5.74,5.97,6.22,9.0,25.0,29.0,30.8,32.7,36.9,39.2,41.6,44.1,43.0,49.8
POL,0.0,0.0,0.0,0.0,0.0,0.0,0.0,0.0,0.0,0.0,0.0,0.0,0.0,0.0,0.0,0.0,0.0,0.0,0.0,0.0,0.0,0.0,0.0,0.0,0.0,0.0,0.0,0.0,0.0,0.0,0.0,0.0,0.00523,0.0521,0.13,0.389,0.648,1.3,2.07,4.1,5.46,7.29,9.9,21.1,24.9,32.5,38.8,44.6,48.6,53.1,59.0,62.3,62.0,62.3,62.8,68.0,73.3,76.0,77.5,80.4,83.2,85.4
PUR,0.0,0.0,0.0,0.0,0.0,0.0,0.0,0.0,0.0,0.0,0.0,0.0,0.0,0.0,0.0,0.0,0.0,0.0,0.0,0.0,0.0,0.0,0.0,0.0,0.0,0.0,0.0,0.0,0.0,0.0,0.0,0.0,0.0,0.0,0.0,0.0,0.0,0.0272,0.135,0.268,1.33,2.65,5.27,10.5,15.6,17.5,19.7,22.1,23.4,25.4,27.9,38.0,41.5,45.3,48.0,69.0,69.0,63.5,68.6,68.7,70.9,77.7
PRK,0.0,0.0,0.0,0.0,0.0,0.0,0.0,0.0,0.0,0.0,0.0,0.0,0.0,0.0,0.0,0.0,0.0,0.0,0.0,0.0,0.0,0.0,0.0,0.0,0.0,0.0,0.0,0.0,0.0,0.0,0.0,0.0,0.0,0.0,0.0,0.0,0.0,0.0,0.0,0.0,0.0,0.0,0.0,0.0,0.0,0.0,0.0,0.0,0.0,0.0,0.0,0.0,0.0,0.0,0.0,0.0,0.0,0.0,0.0,0.0,0.0,0.0
POR,0.0,0.0,0.0,0.0,0.0,0.0,0.0,0.0,0.0,0.0,0.0,0.0,0.0,0.0,0.0,0.0,0.0,0.0,0.0,0.0,0.0,0.0,0.0,0.0,0.0,0.0,0.0,0.0,0.0,0.0,0.0,0.0,0.1,0.25,0.45,0.719,1.49,2.98,4.95,9.87,14.7,16.4,18.1,19.4,29.7,31.8,35.0,38.0,42.1,44.1,48.3,53.3,55.3,60.3,62.1,68.6,70.4,73.8,74.7,75.3,78.3,82.3
PAR,0.0,0.0,0.0,0.0,0.0,0.0,0.0,0.0,0.0,0.0,0.0,0.0,0.0,0.0,0.0,0.0,0.0,0.0,0.0,0.0,0.0,0.0,0.0,0.0,0.0,0.0,0.0,0.0,0.0,0.0,0.0,0.0,0.0,0.0,0.0,0.0,0.0,0.0204,0.0996,0.195,0.382,0.748,1.1,1.79,2.11,3.45,7.91,7.96,11.2,14.3,18.9,19.8,24.8,29.3,36.9,49.7,53.4,61.1,65.0,68.5,74.0,77.0
QAT,0.0,0.0,0.0,0.0,0.0,0.0,0.0,0.0,0.0,0.0,0.0,0.0,0.0,0.0,0.0,0.0,0.0,0.0,0.0,0.0,0.0,0.0,0.0,0.0,0.0,0.0,0.0,0.0,0.0,0.0,0.0,0.0,0.0,0.0,0.0,0.0,0.0,0.19,0.93,3.08,3.52,4.07,4.86,6.17,10.2,19.2,20.7,24.7,29.0,37.0,44.3,53.1,69.0,69.0,69.3,85.3,92.9,95.1,97.4,99.7,99.7,99.7
RUS,0.0,0.0,0.0,0.0,0.0,0.0,0.0,0.0,0.0,0.0,0.0,0.0,0.0,0.0,0.0,0.0,0.0,0.0,0.0,0.0,0.0,0.0,0.0,0.0,0.0,0.0,0.0,0.0,0.0,0.0,0.0,0.0,0.0,0.00067,0.0135,0.0538,0.148,0.27,0.473,0.813,1.02,1.98,2.94,4.13,8.3,12.9,15.2,18.0,24.7,32.0,42.5,49.0,58.0,66.0,68.0,70.1,73.1,76.0,80.9,82.6,85.0,88.2
KSA,0.0,0.0,0.0,0.0,0.0,0.0,0.0,0.0,0.0,0.0,0.0,0.0,0.0,0.0,0.0,0.0,0.0,0.0,0.0,0.0,0.0,0.0,0.0,0.0,0.0,0.0,0.0,0.0,0.0,0.0,0.0,0.0,0.0,0.0,0.0,0.0,0.011,0.0267,0.0521,0.101,0.494,2.21,4.68,6.38,8.0,10.2,12.7,19.5,30.0,36.0,38.0,41.0,47.5,54.0,60.5,69.6,74.9,94.2,93.3,95.7,97.9,100.0
SUD,0.0,0.0,0.0,0.0,0.0,0.0,0.0,0.0,0.0,0.0,0.0,0.0,0.0,0.0,0.0,0.0,0.0,0.0,0.0,0.0,0.0,0.0,0.0,0.0,0.0,0.0,0.0,0.0,0.0,0.0,0.0,0.0,0.0,0.0,0.0,0.0,0.0,0.0,0.0,0.0,0.0,0.0,0.0,0.0,0.0,0.0,0.0,0.00123,0.00481,0.00879,0.0258,0.14,0.439,0.538,0.792,1.29,8.66,14.1,18.6,24.6,25.9,28.4
SEN,0.0,0.0,0.0,0.0,0.0,0.0,0.0,0.0,0.0,0.0,0.0,0.0,0.0,0.0,0.0,0.0,0.0,0.0,0.0,0.0,0.0,0.0,0.0,0.0,0.0,0.0,0.0,0.0,0.0,0.0,0.0,0.0,0.0,0.0,0.0,0.0,0.0,0.00069,0.0112,0.0273,0.0799,0.311,0.404,0.984,1.01,2.1,4.39,4.79,5.61,6.89,7.12,7.5,8.0,9.8,10.8,13.1,21.7,25.7,29.6,35.3,39.5,42.6
SIN,0.0,0.0,0.0,0.0,0.0,0.0,0.0,0.0,0.0,0.0,0.0,0.0,0.0,0.0,0.0,0.0,0.0,0.0,0.0,0.0,0.0,0.0,0.0,0.0,0.0,0.0,0.0,0.0,0.0,0.0,0.0,0.0,0.0,0.162,0.471,0.763,1.19,2.87,8.35,13.5,19.6,24.2,36.0,41.7,47.0,53.8,62.0,61.0,59.0,69.9,69.0,69.0,71.0,71.0,72.0,80.9,83.2,84.5,84.5,88.2,88.9,92.0
SCG,0.0,0.0,0.0,0.0,0.0,0.0,0.0,0.0,0.0,0.0,0.0,0.0,0.0,0.0,0.0,0.0,0.0,0.0,0.0,0.0,0.0,0.0,0.0,0.0,0.0,0.0,0.0,0.0,0.0,0.0,0.0,0.0,0.0,0.0,0.0,0.0,0.0,0.0,0.0,0.0,0.0,0.0,0.0,0.0,0.0,23.5,26.3,27.2,33.1,35.6,38.1,40.9,42.2,48.1,53.5,65.3,67.1,70.3,73.4,77.4,78.4,81.2
SUR,0.0,0.0,0.0,0.0,0.0,0.0,0.0,0.0,0.0,0.0,0.0,0.0,0.0,0.0,0.0,0.0,0.0,0.0,0.0,0.0,0.0,0.0,0.0,0.0,0.0,0.0,0.0,0.0,0.0,0.0,0.0,0.0,0.0,0.0,0.0,0.0,0.0,0.115,0.226,1.0,1.67,1.89,2.51,3.06,4.16,4.72,6.08,6.4,9.5,14.1,21.1,31.4,31.6,32.0,34.7,37.4,42.8,45.4,48.9,53.8,68.8,70.1
SVK,0.0,0.0,0.0,0.0,0.0,0.0,0.0,0.0,0.0,0.0,0.0,0.0,0.0,0.0,0.0,0.0,0.0,0.0,0.0,0.0,0.0,0.0,0.0,0.0,0.0,0.0,0.0,0.0,0.0,0.0,0.0,0.0,0.0,0.0,0.128,0.319,0.523,0.783,1.17,2.69,5.44,9.43,12.5,40.1,43.0,52.9,55.2,56.1,61.8,66.0,70.0,75.7,74.4,76.7,77.9,77.6,80.5,81.6,80.4,82.9,89.9,88.9
SLO,0.0,0.0,0.0,0.0,0.0,0.0,0.0,0.0,0.0,0.0,0.0,0.0,0.0,0.0,0.0,0.0,0.0,0.0,0.0,0.0,0.0,0.0,0.0,0.0,0.0,0.0,0.0,0.0,0.0,0.0,0.0,0.0,0.0,0.0,0.41,1.07,2.9,5.07,7.59,10.1,12.6,15.1,30.2,27.8,31.9,40.8,46.8,54.0,56.7,58.0,64.0,70.0,67.3,68.3,72.7,73.1,75.5,78.9,79.7,83.1,86.6,89.0
SWE,0.0,0.0,0.0,0.0,0.0,0.0,0.0,0.0,0.0,0.0,0.0,0.0,0.0,0.0,0.0,0.0,0.0,0.0,0.0,0.0,0.0,0.0,0.0,0.0,0.0,0.0,0.0,0.0,0.0,0.0,0.0,0.584,1.16,1.5,1.72,3.41,5.1,9.04,23.7,33.5,41.4,45.7,51.8,70.6,79.1,83.9,84.8,87.8,82.0,90.0,91.0,90.0,92.8,93.2,94.8,90.6,89.7,93.0,89.2,94.5,94.5,88.3
SYR,0.0,0.0,0.0,0.0,0.0,0.0,0.0,0.0,0.0,0.0,0.0,0.0,0.0,0.0,0.0,0.0,0.0,0.0,0.0,0.0,0.0,0.0,0.0,0.0,0.0,0.0,0.0,0.0,0.0,0.0,0.0,0.0,0.0,0.0,0.0,0.0,0.0,0.0,0.0,0.0326,0.0637,0.124,0.182,0.354,2.09,3.4,4.32,5.65,7.83,11.5,14.0,17.3,20.7,22.5,24.3,26.2,30.0,31.9,32.7,33.8,34.6,35.8
TOG,0.0,0.0,0.0,0.0,0.0,0.0,0.0,0.0,0.0,0.0,0.0,0.0,0.0,0.0,0.0,0.0,0.0,0.0,0.0,0.0,0.0,0.0,0.0,0.0,0.0,0.0,0.0,0.0,0.0,0.0,0.0,0.0,0.0,0.0,0.0,0.0,0.0,0.0,0.0109,0.211,0.306,0.59,0.8,0.9,1.0,1.2,1.5,1.8,2.0,2.2,2.4,2.6,3.0,3.5,4.0,4.5,7.12,11.3,12.4,15.5,19.3,24.0
THA,0.0,0.0,0.0,0.0,0.0,0.0,0.0,0.0,0.0,0.0,0.0,0.0,0.0,0.0,0.0,0.0,0.0,0.0,0.0,0.0,0.0,0.0,0.0,0.0,0.0,0.0,0.0,0.0,0.0,0.0,0.0,0.0,0.0,0.00034,0.0136,0.0386,0.0748,0.115,0.361,1.09,2.43,3.69,5.56,7.53,9.3,10.7,15.0,17.2,20.0,18.2,20.1,22.4,23.7,26.5,28.9,39.3,47.5,52.9,56.8,66.7,77.8,85.3
TJK,0.0,0.0,0.0,0.0,0.0,0.0,0.0,0.0,0.0,0.0,0.0,0.0,0.0,0.0,0.0,0.0,0.0,0.0,0.0,0.0,0.0,0.0,0.0,0.0,0.0,0.0,0.0,0.0,0.0,0.0,0.0,0.0,0.0,0.0,0.0,0.0,0.0,0.0,0.0,0.0,0.0,0.0,0.0,0.0,0.0328,0.0486,0.0513,0.0555,0.0646,0.0775,0.299,3.77,7.2,8.78,10.1,11.6,13.0,14.5,16.0,19.0,20.5,22.0
TGA,0.0,0.0,0.0,0.0,0.0,0.0,0.0,0.0,0.0,0.0,0.0,0.0,0.0,0.0,0.0,0.0,0.0,0.0,0.0,0.0,0.0,0.0,0.0,0.0,0.0,0.0,0.0,0.0,0.0,0.0,0.0,0.0,0.0,0.0,0.0,0.0,0.0,0.0,0.0,0.0,0.123,0.164,0.511,0.765,1.02,2.43,2.83,2.91,2.99,3.95,4.91,5.85,7.18,8.11,10.0,16.0,25.0,30.0,32.8,38.7,40.0,41.2
TRI,0.0,0.0,0.0,0.0,0.0,0.0,0.0,0.0,0.0,0.0,0.0,0.0,0.0,0.0,0.0,0.0,0.0,0.0,0.0,0.0,0.0,0.0,0.0,0.0,0.0,0.0,0.0,0.0,0.0,0.0,0.0,0.0,0.0,0.0,0.0,0.0,0.0,0.0,0.0,0.0,0.158,0.393,1.17,2.72,5.81,7.72,15.4,22.0,26.0,27.0,29.0,30.0,32.3,34.8,44.3,48.5,55.2,57.5,59.9,65.1,67.8,70.6
TUN,0.0,0.0,0.0,0.0,0.0,0.0,0.0,0.0,0.0,0.0,0.0,0.0,0.0,0.0,0.0,0.0,0.0,0.0,0.0,0.0,0.0,0.0,0.0,0.0,0.0,0.0,0.0,0.0,0.0,0.0,0.0,0.0,0.0,0.0,0.0,0.0,0.00738,0.0112,0.0276,0.0437,0.108,1.6,2.75,4.3,5.25,6.49,8.53,9.66,13.0,17.1,27.5,34.1,36.8,39.1,41.4,43.8,46.5,49.6,55.5,64.2,66.7,71.9
TUR,0.0,0.0,0.0,0.0,0.0,0.0,0.0,0.0,0.0,0.0,0.0,0.0,0.0,0.0,0.0,0.0,0.0,0.0,0.0,0.0,0.0,0.0,0.0,0.0,0.0,0.0,0.0,0.0,0.0,0.0,0.0,0.0,0.0,0.0,0.00846,0.0499,0.0817,0.193,0.474,0.699,2.29,3.76,5.19,11.4,12.3,14.6,15.5,18.2,28.6,34.4,36.4,39.8,43.1,45.1,46.3,53.7,58.3,64.7,71.0,74.0,77.7,81.4
TAN,0.0,0.0,0.0,0.0,0.0,0.0,0.0,0.0,0.0,0.0,0.0,0.0,0.0,0.0,0.0,0.0,0.0,0.0,0.0,0.0,0.0,0.0,0.0,0.0,0.0,0.0,0.0,0.0,0.0,0.0,0.0,0.0,0.0,0.0,0.0,0.0,0.0,0.0,0.00162,0.0079,0.00924,0.0751,0.117,0.171,0.222,0.677,0.878,1.1,1.3,1.6,1.9,2.4,2.9,3.2,3.95,4.4,10.0,13.5,16.0,19.0,20.0,22.0
UGA,0.0,0.0,0.0,0.0,0.0,0.0,0.0,0.0,0.0,0.0,0.0,0.0,0.0,0.0,0.0,0.0,0.0,0.0,0.0,0.0,0.0,0.0,0.0,0.0,0.0,0.0,0.0,0.0,0.0,0.0,0.0,0.0,0.0,0.0,0.0,0.0,0.0,0.00286,0.00463,0.0103,0.0653,0.106,0.164,0.238,0.384,0.465,0.72,1.74,2.53,3.67,3.88,4.1,4.3,4.6,4.8,5.1,5.7,6.0,8.1,10.9,14.7,6.1
UKR,0.0,0.0,0.0,0.0,0.0,0.0,0.0,0.0,0.0,0.0,0.0,0.0,0.0,0.0,0.0,0.0,0.0,0.0,0.0,0.0,0.0,0.0,0.0,0.0,0.0,0.0,0.0,0.0,0.0,0.0,0.0,0.0,0.0,0.0,0.0,0.00078,0.0136,0.0431,0.0986,0.199,0.301,0.405,0.716,1.24,1.87,3.15,3.49,3.75,4.51,6.55,11.0,17.9,23.3,28.7,35.3,41.0,48.9,53.0,58.9,62.6,70.1,75.0
URU,0.0,0.0,0.0,0.0,0.0,0.0,0.0,0.0,0.0,0.0,0.0,0.0,0.0,0.0,0.0,0.0,0.0,0.0,0.0,0.0,0.0,0.0,0.0,0.0,0.0,0.0,0.0,0.0,0.0,0.0,0.0,0.0,0.0,0.0,0.0,0.0,0.0625,0.31,1.85,3.36,6.99,9.97,10.5,11.1,11.4,15.9,17.1,20.1,29.4,34.0,39.3,41.8,46.4,51.4,54.5,57.7,64.6,66.4,70.3,80.7,83.4,86.1
USA,0.0,0.0,0.0,0.0,0.0,0.0,0.0,0.0,0.0,0.0,0.0,0.0,0.0,0.0,0.0,0.0,0.0,0.0,0.0,0.0,0.0,0.0,0.0,0.0,0.0,0.0,0.0,0.0,0.0,0.0,0.0,0.0,0.785,1.16,1.72,2.27,4.86,9.24,16.4,21.6,30.1,35.8,43.1,49.1,58.8,61.7,64.8,68.0,68.9,75.0,74.0,71.0,71.7,69.7,74.7,71.4,74.6,85.5,87.3,88.5,89.4,90.9
UZB,0.0,0.0,0.0,0.0,0.0,0.0,0.0,0.0,0.0,0.0,0.0,0.0,0.0,0.0,0.0,0.0,0.0,0.0,0.0,0.0,0.0,0.0,0.0,0.0,0.0,0.0,0.0,0.0,0.0,0.0,0.0,0.0,0.0,0.0,0.0,0.0,0.0,0.00153,0.00429,0.0105,0.0208,0.0307,0.484,0.598,1.08,1.91,2.59,3.34,6.39,7.49,9.08,11.9,15.9,18.6,23.6,26.8,42.8,46.8,48.7,55.2,70.4,71.1
VEN,0.0,0.0,0.0,0.0,0.0,0.0,0.0,0.0,0.0,0.0,0.0,0.0,0.0,0.0,0.0,0.0,0.0,0.0,0.0,0.0,0.0,0.0,0.0,0.0,0.0,0.0,0.0,0.0,0.0,0.0,0.0,0.0,0.0,0.0,0.0,0.0,0.0,0.0121,0.0416,0.0555,0.122,0.248,0.391,1.38,2.84,3.36,4.64,4.91,7.5,8.4,12.6,15.2,20.8,25.9,32.7,37.4,40.2,49.1,54.9,58.0,60.0,61.6
ISV,0.0,0.0,0.0,0.0,0.0,0.0,0.0,0.0,0.0,0.0,0.0,0.0,0.0,0.0,0.0,0.0,0.0,0.0,0.0,0.0,0.0,0.0,0.0,0.0,0.0,0.0,0.0,0.0,0.0,0.0,0.0,0.0,0.0,0.0,0.0,0.0,0.0,0.0,0.0,0.0,0.0,0.0,0.0,0.0,0.0,0.0,0.0,0.0,0.0,0.0,0.0,0.0,0.0,0.0,0.0,18.9,36.0,37.0,37.4,37.6,77.7,77.7
VIE,0.0,0.0,0.0,0.0,0.0,0.0,0.0,0.0,0.0,0.0,0.0,0.0,0.0,0.0,0.0,0.0,0.0,0.0,0.0,0.0,0.0,0.0,0.0,0.0,0.0,0.0,0.0,0.0,0.0,0.0,0.0,0.0,0.0,0.0,0.0,0.0,0.0,0.00013,0.00398,0.0131,0.129,0.254,1.27,1.85,3.78,7.64,12.7,17.3,20.8,23.9,26.6,30.6,35.1,36.8,38.5,45.0,53.0,58.1,69.8,68.7,70.3,74.2
RSA,0.0,0.0,0.0,0.0,0.0,0.0,0.0,0.0,0.0,0.0,0.0,0.0,0.0,0.0,0.0,0.0,0.0,0.0,0.0,0.0,0.0,0.0,0.0,0.0,0.0,0.0,0.0,0.0,0.0,0.0,0.0,0.0,0.0,0.0133,0.0389,0.114,0.247,0.677,0.842,1.63,2.91,4.12,5.35,6.35,6.71,7.01,8.43,7.49,7.61,8.07,8.43,10.0,24.0,34.0,41.0,46.5,51.9,54.0,56.2,62.4,68.2,70.0
ZAM,0.0,0.0,0.0,0.0,0.0,0.0,0.0,0.0,0.0,0.0,0.0,0.0,0.0,0.0,0.0,0.0,0.0,0.0,0.0,0.0,0.0,0.0,0.0,0.0,0.0,0.0,0.0,0.0,0.0,0.0,0.0,0.0,0.0,0.0,0.0,0.0,0.00678,0.00878,0.00907,0.00933,0.0302,0.147,0.191,0.233,0.478,0.98,1.1,1.3,1.6,1.9,2.2,2.5,3.0,3.5,4.1,4.8,8.8,10.3,12.2,14.3,16.8,19.8
ZIM,0.0,0.0,0.0,0.0,0.0,0.0,0.0,0.0,0.0,0.0,0.0,0.0,0.0,0.0,0.0,0.0,0.0,0.0,0.0,0.0,0.0,0.0,0.0,0.0,0.0,0.0,0.0,0.0,0.0,0.0,0.0,0.0,0.0,0.0,0.0,0.0,0.00174,0.00768,0.0168,0.0331,0.0817,0.162,0.401,0.8,1.1,1.8,2.1,2.4,2.4,3.0,3.5,4.0,6.4,8.4,12.0,15.5,22.7,23.1,24.4,25.0,25.1,29.3
